<?xml version='1.0' encoding='UTF-8' ?>
<timeLogEntries>
  <time id="1" path="/Non Project/PSP Fundamentals &amp; Advanced/Program 1/Planning" start="@1486437220519" delta="19" />
  <time id="2" path="/Non Project/PSP Fundamentals &amp; Advanced/Program 1/Design" start="@1486438351763" delta="11" />
  <time id="3" path="/Non Project/PSP Fundamentals &amp; Advanced/Program 1/Design" start="@1486442887842" delta="17" />
  <time id="4" path="/Non Project/PSP Fundamentals &amp; Advanced/Program 1/Code" start="@1486443884586" delta="81" />
  <time id="5" path="/Non Project/PSP Fundamentals &amp; Advanced/Program 1/Compile" start="@1486448772692" delta="6" />
  <time id="6" path="/Non Project/PSP Fundamentals &amp; Advanced/Program 1/Test" start="@1486527811542" delta="41" />
  <time id="7" path="/Non Project/PSP Fundamentals &amp; Advanced/Program 1/Postmortem" start="@1486530285783" delta="3" />
  <time id="8" path="/IngSW/Tarea2/Planning" start="@1487443820147" delta="33" />
  <time id="10" path="/IngSW/Tarea2/Design" start="@1487453798109" delta="6" interrupt="88" />
  <time id="11" path="/IngSW/Tarea2/Planning" start="@1487459492571" delta="8" />
  <time id="12" path="/IngSW/Tarea2/Planning" start="@1487460025313" delta="3" />
  <time id="13" path="/IngSW/Tarea2/Design" start="@1487460246000" delta="88" />
  <time id="16" path="/IngSW/Tarea2/Design" start="@1487467326292" delta="1" />
  <time id="17" path="/IngSW/Tarea2/Code" start="@1487467327462" delta="34" interrupt="4" />
  <time id="18" path="/IngSW/Tarea2/Code" start="@1487524880771" delta="92" />
  <time id="19" path="/IngSW/Tarea2/Code" start="@1487536539044" delta="46" />
  <time id="20" path="/IngSW/Tarea2/Code" start="@1487540338911" delta="37" />
  <time id="21" path="/IngSW/Tarea2/Test" start="@1487542577686" delta="7" />
  <time id="22" path="/IngSW/Tarea2/Test" start="@1487552440342" delta="9" />
  <time id="23" path="/IngSW/Tarea2/Test" start="@1487641201208" delta="92" />
  <time id="24" path="/IngSW/Tarea2/Postmortem" start="@1487648921691" delta="30" />
  <time id="25" path="/IngSW/Tarea2/Test" start="@1487650698327" delta="33" />
</timeLogEntries>
