<?xml version='1.0' encoding='UTF-8' ?>
<timeLogEntries>
  <time id="1" path="/Non Project/PSP Fundamentals &amp; Advanced/Program 1/Planning" start="@1486437220519" delta="19" />
  <time id="2" path="/Non Project/PSP Fundamentals &amp; Advanced/Program 1/Design" start="@1486438351763" delta="11" />
  <time id="3" path="/Non Project/PSP Fundamentals &amp; Advanced/Program 1/Design" start="@1486442887842" delta="17" />
  <time id="4" path="/Non Project/PSP Fundamentals &amp; Advanced/Program 1/Code" start="@1486443884586" delta="81" />
  <time id="5" path="/Non Project/PSP Fundamentals &amp; Advanced/Program 1/Compile" start="@1486448772692" delta="6" />
  <time id="6" path="/Non Project/PSP Fundamentals &amp; Advanced/Program 1/Test" start="@1486527811542" delta="41" />
  <time id="7" path="/Non Project/PSP Fundamentals &amp; Advanced/Program 1/Postmortem" start="@1486530285783" delta="3" />
  <time id="8" path="/IngSW/Tarea2/Planning" start="@1487443820147" delta="33" />
  <time id="10" path="/IngSW/Tarea2/Design" start="@1487453798109" delta="6" interrupt="88" />
  <time id="11" path="/IngSW/Tarea2/Planning" start="@1487459492571" delta="8" />
  <time id="12" path="/IngSW/Tarea2/Planning" start="@1487460025313" delta="3" />
  <time id="13" path="/IngSW/Tarea2/Design" start="@1487460246000" delta="88" />
  <time id="16" path="/IngSW/Tarea2/Design" start="@1487467326292" delta="1" />
  <time id="17" path="/IngSW/Tarea2/Code" start="@1487467327462" delta="34" interrupt="4" />
  <time id="18" path="/IngSW/Tarea2/Code" start="@1487524880771" delta="92" />
  <time id="19" path="/IngSW/Tarea2/Code" start="@1487536539044" delta="46" />
  <time id="20" path="/IngSW/Tarea2/Code" start="@1487540338911" delta="37" />
  <time id="21" path="/IngSW/Tarea2/Test" start="@1487542577686" delta="7" />
  <time id="22" path="/IngSW/Tarea2/Test" start="@1487552440342" delta="9" />
  <time id="23" path="/IngSW/Tarea2/Test" start="@1487641201208" delta="92" />
  <time id="24" path="/IngSW/Tarea2/Postmortem" start="@1487648921691" delta="30" />
  <time id="25" path="/IngSW/Tarea2/Test" start="@1487650698327" delta="33" />
  <time id="26" path="/IngSW/Tarea3/PSP2/Planning" start="@1488754691821" delta="9" />
  <time id="27" path="/IngSW/Tarea3/PSP2/Planning" start="@1488760327988" delta="3" />
  <time id="28" path="/IngSW/Tarea3/PSP2/Planning" start="@1488760916649" delta="2" />
  <time id="29" path="/IngSW/Tarea3/PSP2/Planning" start="@1488833847775" delta="65" />
  <time id="30" path="/IngSW/Tarea3/PSP2/Design" start="@1488837736040" delta="34" />
  <time id="31" path="/IngSW/Tarea3/PSP2/Design Review" start="@1488839769497" delta="32" />
  <time id="32" path="/IngSW/Tarea3/PSP2/Code" start="@1488841666084" delta="56" interrupt="161" />
  <time id="33" path="/IngSW/Tarea3/PSP2/Code" start="@1488868371552" delta="10" />
  <time id="34" path="/IngSW/Tarea3/PSP2/Code" start="@1488938956126" delta="83" />
  <time id="35" path="/IngSW/Tarea3/PSP2/Code Review" start="@1488943929388" delta="22" />
  <time id="36" path="/IngSW/Tarea3/PSP2/Test" start="@1488945303778" delta="55" />
  <time id="37" path="/IngSW/Tarea3/PSP2/Postmortem" start="@1488948592186" delta="33" />
  <time id="38" path="/IngSW/Tarea4/PSP2/Planning" start="@1489935965545" delta="43" />
  <time id="39" path="/IngSW/Tarea4/PSP2/Planning" start="@1489940860832" delta="8" />
  <time id="40" path="/IngSW/Tarea4/PSP2/Planning" start="@1489941929019" delta="10" />
  <time id="41" path="/IngSW/Tarea4/PSP2/Planning" start="@1489943017825" delta="6" />
  <time id="42" path="/IngSW/Tarea4/PSP2/Planning" start="@1489946561149" delta="19" />
  <time id="43" path="/IngSW/Tarea4/PSP2/Planning" start="@1489962352530" delta="48" interrupt="3" />
  <time id="44" path="/IngSW/Tarea4/PSP2/Design" start="@1490036934220" delta="61" />
  <time id="45" path="/IngSW/Tarea4/PSP2/Design Review" start="@1490040619773" delta="10" />
  <time id="46" path="/IngSW/Tarea4/PSP2/Code" start="@1490041240296" delta="125" />
  <time id="47" path="/IngSW/Tarea4/PSP2/Code" start="@1490060133587" delta="89" />
  <time id="48" path="/IngSW/Tarea4/PSP2/Code Review" start="@1490065459149" delta="7" />
  <time id="49" path="/IngSW/Tarea4/PSP2/Test" start="@1490065912011" delta="57" />
</timeLogEntries>
